#;NAME;P0;P1
1;J0002+6216;0.115364;5.97e-15
2;J0006+1834;0.693748;2.10e-15
3;J0007+7303;0.315873;3.60e-13
4;B0011+47;1.240699;5.64e-16
5;J0026+6320;0.318358;1.50e-16
6;B0031-07;0.942951;4.08e-16
7;B0037+56;1.118225;2.88e-15
8;J0045-7042;0.632336;2.49e-15
9;J0045-7319;0.926276;4.46e-15
10;B0045+33;1.217094;2.35e-15
11;B0052+51;2.115171;9.54e-15
12;B0053+47;0.472037;3.33e-15
13;J0057-7201;0.738062;1.00e-16
14;J0100-7211;8.020392;1.88e-11
15;B0059+65;1.679164;5.95e-15
16;J0106+4855;0.083157;4.28e-16
17;J0108-1431;0.807565;7.70e-17
18;B0105+65;1.283660;1.31e-14
19;B0105+68;1.071118;4.81e-17
20;J0111-7131;0.688542;7.09e-15
21;J0113-7220;0.325883;4.86e-15
22;B0114+58;0.101439;5.85e-15
23;J0131-7310;0.348124;1.76e-15
24;J0133-6957;0.463474;1.20e-16
25;J0134-2937;0.136962;7.84e-17
26;J0137+1654;0.414763;1.22e-17
27;J0139+5621;1.775344;7.91e-14
28;B0136+57;0.272451;1.07e-14
29;B0138+59;1.222949;3.91e-16
30;J0146+6145;8.688994;1.99e-12
31;B0144+59;0.196321;2.57e-16
32;B0148-06;1.464665;4.43e-16
33;J0152+0948;2.746647;1.70e-15
34;B0149-16;0.832742;1.30e-15
35;B0153+39;1.811561;1.52e-16
36;B0154+61;2.351745;1.89e-13
37;J0201+7005;1.349184;5.51e-15
38;J0205+6449;0.065716;1.94e-13
39;B0203-40;0.630550;1.20e-15
40;J0211-8159;1.077333;2.90e-16
41;J0212+5222;0.376386;6.60e-15
42;J0215+6218;0.548880;6.62e-16
43;B0226+70;1.466820;3.11e-15
44;J0248+6021;0.217094;5.51e-14
45;B0254-53;0.447708;3.06e-17
46;B0301+19;1.387584;1.30e-15
47;B0320+39;3.032072;6.36e-16
48;J0324+5239;0.336620;3.81e-16
49;J0329+1654;0.893320;2.15e-16
50;B0329+54;0.714520;2.05e-15
51;J0343-3000;2.597027;5.70e-17
52;B0339+53;1.934478;1.34e-14
53;J0357+3205;0.444104;1.30e-14
54;B0353+52;0.197030;4.77e-16
55;B0355+54;0.156384;4.39e-15
56;J0359+5414;0.079427;1.67e-14
57;B0403-76;0.545253;1.54e-15
58;B0402+61;0.594576;5.57e-15
59;B0410+69;0.390715;7.66e-17
60;J0418-4154;0.757119;9.74e-16
61;J0418+5732;9.078388;4.10e-15
62;J0420-5022;3.453004;2.76e-14
63;J0421-0345;2.161308;1.16e-15
64;J0426+4933;0.922475;3.93e-14
65;J0448-2749;0.450448;1.48e-16
66;J0449-7031;0.479164;3.37e-15
67;B0447-12;0.438014;1.03e-16
68;B0450-18;0.548939;5.75e-15
69;B0450+55;0.340729;2.37e-15
70;B0456-69;0.320423;1.02e-14
71;J0456-7031;0.800132;3.67e-14
72;J0457-6337;2.497012;2.10e-16
73;J0458-0505;1.883480;5.30e-16
74;J0459-0210;1.133076;1.40e-15
75;J0501+4516;5.762097;5.82e-12
76;B0458+46;0.638565;5.58e-15
77;B0502-66;0.691251;2.31e-14
78;J0511-6508;0.322062;2.06e-16
79;J0519-6932;0.263212;6.97e-16
80;J0520-2553;0.241642;3.01e-17
81;J0522-6847;0.674532;1.77e-14
82;B0523+11;0.354438;7.36e-17
83;J0525-6607;8.047000;6.50e-11
84;B0525+21;3.745539;4.01e-14
85;B0529-66;0.975725;1.55e-14
86;J0532-6639;0.642743;5.35e-15
87;J0533+0402;0.963018;1.60e-16
88;B0531+21;0.033392;4.21e-13
89;J0534-6703;1.817565;4.25e-13
90;J0535-6935;0.200511;1.15e-14
91;B0538-75;1.245856;5.65e-16
92;J0537-6910;0.016122;5.18e-14
93;J0538+2817;0.143158;3.67e-15
94;J0540+3207;0.524271;4.48e-16
95;B0540-69;0.050570;4.79e-13
96;J0540-7125;1.286015;8.20e-16
97;B0540+23;0.245975;1.54e-14
98;J0543-6851;0.708954;3.94e-15
99;J0546+2441;2.843850;7.65e-15
100;J0554+3107;0.464961;1.43e-13
101;J0555-7056;0.827838;5.96e-15
102;B0559-57;2.261365;2.78e-15
103;B0559-05;0.395969;1.30e-15
104;J0611+1436;0.270329;4.00e-15
105;B0609+37;0.297982;5.95e-17
106;J0613+3731;0.619198;3.24e-15
107;B0611+22;0.334960;5.94e-14
108;J0622+3749;0.333208;2.54e-14
109;J0623+0340;0.613760;8.84e-17
110;B0621-04;1.039076;8.30e-16
111;J0627+0649;0.346523;1.70e-15
112;J0627+0706;0.475877;2.98e-14
113;J0628+0909;1.241421;5.48e-16
114;B0626+24;0.476623;2.00e-15
115;J0630-0046;0.680575;3.75e-15
116;B0628-28;1.244419;7.12e-15
117;J0631+0646;0.110979;3.62e-15
118;J0631+1036;0.287800;1.05e-13
119;J0633+0632;0.297395;7.96e-14
120;J0633+1746;0.237099;1.10e-14
121;J0633-2015;3.253211;3.82e-15
122;J0636-4549;1.984597;3.17e-15
123;J0646+0905;0.903913;7.36e-16
124;J0647+0913;1.234854;6.42e-15
125;J0652-0142;0.924054;1.52e-16
126;B0643+80;1.214441;3.80e-15
127;J0656-2228;1.224754;2.67e-17
128;J0656-5449;0.183157;3.19e-17
129;J0658+0022;0.563295;9.15e-15
130;B0656+14;0.384891;5.50e-14
131;J0709-5923;0.485268;1.26e-16
132;J0711+0931;1.214090;4.00e-16
133;J0719-2545;0.974725;7.28e-15
134;J0720-3125;8.391116;6.98e-14
135;J0725-1635;0.424311;9.26e-17
136;J0726-2612;3.442308;2.93e-13
137;J0729-1448;0.251659;1.13e-13
138;B0727-18;0.510160;1.90e-14
139;J0733-2345;1.796250;5.70e-15
140;J0734-1559;0.156250;1.22e-14
141;J0737-2202;0.320366;5.47e-15
142;J0737-3039B;2.773461;8.92e-16
143;B0736-40;0.374920;1.62e-15
144;B0740-28;0.166762;1.68e-14
145;B0743-53;0.214836;2.73e-15
146;J0746-4529;2.791025;1.67e-14
147;J0749-4247;1.095452;9.77e-16
148;B0751+32;1.442349;1.08e-15
149;B0756-15;0.682265;1.62e-15
150;J0804-3647;2.191987;4.21e-15
151;J0806-4123;11.370386;5.56e-14
152;J0807-5421;0.526644;3.78e-16
153;J0808-3937;0.866349;4.01e-16
154;B0808-47;0.547199;3.08e-15
155;J0812-3905;0.482596;4.49e-17
156;B0809+74;1.292241;1.68e-16
157;J0815+0939;0.645161;1.39e-16
158;J0818-3049;0.763742;5.80e-16
159;J0818-3232;2.161259;7.53e-16
160;B0818-13;1.238130;2.11e-15
161;J0820-3826;0.124836;2.44e-15
162;J0820-3921;1.073567;1.22e-14
163;B0818-41;0.545446;1.89e-17
164;J0821-4221;0.396728;3.48e-15
165;B0820+02;0.864873;1.05e-16
166;B0823+26;0.530661;1.71e-15
167;B0826-34;1.848919;9.96e-16
168;J0831-4406;0.311674;1.28e-15
169;J0834-4159;0.121116;4.44e-15
170;J0835-3707;0.541404;9.78e-15
171;B0833-45;0.089328;1.25e-13
172;B0834+06;1.273768;6.80e-15
173;B0835-41;0.751624;3.54e-15
174;J0838-2621;0.308581;3.90e-17
175;J0838-3947;1.703946;8.13e-16
176;B0839-53;0.720612;1.64e-15
177;B0840-48;0.644354;9.50e-15
178;J0843-5022;0.208956;1.72e-16
179;B0844-35;1.116097;1.60e-15
180;J0847-4316;5.977493;1.20e-13
181;J0849-6322;0.367953;7.91e-16
182;B0841+80;1.602228;4.46e-16
183;B0853-33;1.267536;6.32e-15
184;J0855-4644;0.064686;7.26e-15
185;J0855-4658;0.575072;1.36e-14
186;B0855-61;0.962509;1.68e-15
187;J0857-4424;0.326774;2.33e-14
188;J0901-4624;0.441995;8.75e-14
189;B0901-63;0.660313;1.07e-16
190;B0903-42;0.965171;1.89e-15
191;B0904-74;0.549553;4.63e-16
192;J0905-4536;0.988281;1.49e-16
193;J0905-5127;0.346287;2.49e-14
194;J0905-6019;0.340854;5.22e-16
195;B0905-51;0.253556;1.83e-15
196;B0906-17;0.401626;6.69e-16
197;B0906-49;0.106755;1.52e-14
198;B0909-71;1.362890;3.33e-16
199;J0912-3851;1.526085;3.59e-15
200;B0917+63;1.567994;3.61e-15
201;B0919+06;0.430627;1.37e-14
202;J0922-4949;0.950289;9.76e-14
203;B0922-52;0.746295;3.55e-14
204;B0923-58;0.739501;4.88e-15
205;J0932-3217;1.931627;2.50e-16
206;J0932-5327;4.392159;8.37e-15
207;J0934-4154;0.570409;2.69e-16
208;B0932-52;1.444773;4.65e-15
209;J0940-5428;0.087545;3.29e-14
210;J0941-5244;0.658558;1.14e-15
211;B0940-55;0.664367;2.29e-14
212;B0941-56;0.808127;3.96e-14
213;B0940+16;1.087418;9.11e-17
214;B0942-13;0.570264;4.53e-17
215;J0945-4833;0.331586;4.83e-15
216;B0943+10;1.097706;3.49e-15
217;J0949-6902;0.640016;6.37e-16
218;B0950-38;1.373815;5.80e-16
219;B0950+08;0.253065;2.30e-16
220;J0954-5430;0.472834;4.39e-14
221;B0953-52;0.862118;3.52e-15
222;J0957-5432;0.203557;1.95e-15
223;B0957-47;0.670086;8.20e-17
224;J1000-5149;0.255677;9.59e-16
225;B0959-54;1.436583;5.14e-14
226;J1001-5559;1.661177;8.60e-16
227;J1001-5939;7.733640;5.99e-14
228;J1002-5559;0.777501;1.57e-15
229;J1002-5919;0.713489;1.04e-16
230;B1001-47;0.307072;2.21e-14
231;J1006-6311;0.835797;5.73e-16
232;B1010-23;2.517945;8.81e-16
233;J1012-5830;2.133591;3.77e-14
234;B1011-58;0.819911;1.77e-14
235;J1013-5934;0.442901;5.58e-16
236;J1015-5719;0.139882;5.74e-14
237;B1014-53;0.769584;1.93e-15
238;J1016-5819;0.087834;6.98e-16
239;J1016-5857;0.107386;8.08e-14
240;B1015-56;0.503459;3.13e-15
241;B1016-16;1.804695;1.74e-15
242;J1019-5749;0.162499;2.01e-14
243;J1020-5921;1.238305;4.05e-14
244;J1020-6026;0.140480;6.74e-15
245;J1021-5601;0.670026;5.34e-17
246;J1022-5813;1.643726;1.45e-13
247;J1023-5746;0.111472;3.84e-13
248;J1028-5819;0.091403;1.61e-14
249;J1031-6117;0.306411;1.78e-15
250;J1032-5206;2.407622;1.79e-14
251;B1030-58;0.464208;3.00e-15
252;J1034-3224;1.150590;2.30e-16
253;J1035-6345;0.579577;3.50e-16
254;J1036-4926;0.510368;1.65e-15
255;J1036-6559;0.533502;1.36e-15
256;B1036-58;0.661992;1.25e-15
257;B1039-19;1.386368;9.45e-16
258;B1039-55;1.170859;6.73e-15
259;J1043-6116;0.288602;1.04e-14
260;J1044-5737;0.139029;5.46e-14
261;J1046+0304;0.326271;1.24e-16
262;B1044-57;0.369427;1.14e-15
263;J1047-3032;0.330328;6.10e-17
264;J1047-6709;0.198451;1.69e-15
265;B1046-58;0.123671;9.63e-14
266;J1049-5833;2.202325;4.41e-15
267;J1050-5953;6.452077;3.81e-11
268;J1052-5954;0.180592;2.00e-14
269;J1052-6348;0.383830;3.87e-16
270;J1054-5943;0.346909;4.07e-15
271;J1054-5946;0.228324;2.09e-16
272;J1054-6452;1.840004;3.14e-15
273;J1055-6022;0.947558;9.24e-14
274;J1055-6028;0.099661;2.95e-14
275;J1055-6236;0.448635;7.08e-16
276;J1055-6905;2.919397;2.03e-14
277;J1056-5709;0.676082;5.76e-16
278;B1054-62;0.422447;3.58e-15
279;J1057-4754;0.628306;2.25e-16
280;B1055-52;0.197108;5.83e-15
281;J1057-5851;0.620365;1.01e-13
282;B1056-78;1.347402;1.33e-15
283;J1058-5957;0.616270;6.57e-16
284;B1056-57;1.184999;4.30e-15
285;J1101-6101;0.062800;8.56e-15
286;J1103-6025;0.396587;9.90e-16
287;J1104-6103;0.280905;1.97e-15
288;J1105-6037;0.194938;2.18e-14
289;J1105-6107;0.063193;1.58e-14
290;J1106-6438;2.717934;2.33e-15
291;B1105-59;1.516531;3.40e-16
292;J1107-6143;1.799396;1.56e-13
293;B1107-56;0.558253;2.06e-15
294;J1112-6103;0.064962;3.15e-14
295;B1110-65;0.334213;8.24e-16
296;B1110-69;0.820484;2.84e-15
297;B1112-60;0.880820;4.61e-14
298;B1112+50;1.656440;2.49e-15
299;J1115-6052;0.259777;7.23e-15
300;B1114-41;0.943158;7.95e-15
301;J1117-6154;0.505097;1.25e-14
302;J1117-6447;1.155272;2.40e-16
303;J1119-6127;0.407963;4.02e-12
304;B1118-79;2.280597;3.67e-15
305;B1119-54;0.535783;2.77e-15
306;J1123-4844;0.244838;6.54e-17
307;J1123-6102;0.640234;6.46e-15
308;J1123-6259;0.271434;5.25e-15
309;J1123-6651;0.232976;2.75e-15
310;J1124-5916;0.135477;7.53e-13
311;J1124-6421;0.479099;6.20e-16
312;B1124-60;0.202737;2.81e-16
313;J1126-6942;0.579416;3.30e-15
314;J1128-6219;0.515984;1.10e-17
315;J1130-5826;0.162323;1.59e-17
316;J1130-5925;0.680984;9.52e-16
317;J1130-6807;0.256353;4.60e-16
318;J1132-5627;0.175166;6.80e-17
319;B1131-62;1.022875;4.52e-16
320;J1135-6055;0.114943;7.93e-14
321;B1133+16;1.187913;3.73e-15
322;B1133-55;0.364706;8.22e-15
323;J1137-6700;0.556216;7.17e-17
324;J1138-6207;0.117564;1.25e-14
325;J1141-3107;0.538432;1.96e-15
326;J1141-3322;0.291468;4.63e-16
327;J1141-6545;0.393899;4.31e-15
328;J1142-6230;0.558383;7.79e-17
329;J1143-5158;0.675646;6.95e-16
330;J1143-5536;0.685358;4.85e-16
331;J1144-6217;0.850665;3.08e-14
332;B1143-60;0.273372;1.79e-15
333;J1148-5725;3.559937;1.11e-14
334;J1148-6415;3.241029;2.70e-15
335;J1151-6108;0.101633;1.03e-14
336;J1152-5800;1.789829;1.28e-15
337;J1152-6012;0.376570;6.69e-15
338;J1154-6250;0.282012;5.59e-16
339;J1156-5707;0.288409;2.65e-14
340;J1156-5909;1.037931;1.02e-15
341;B1154-62;0.400522;3.93e-15
342;J1159-6409;0.667486;2.40e-17
343;J1159-7910;0.525074;2.82e-15
344;J1201-6306;0.592136;3.56e-15
345;B1159-58;0.452801;2.13e-15
346;J1204-6843;0.308861;2.17e-16
347;J1208-6238;0.440591;3.27e-12
348;J1210-5226;0.424131;2.22e-17
349;J1210-5559;0.279767;7.26e-16
350;J1210-6550;4.237010;4.31e-16
351;J1211-6324;0.433084;2.57e-16
352;J1214-5830;0.909823;5.34e-17
353;J1215-5328;0.636414;1.15e-16
354;J1216-6223;0.374047;1.68e-14
355;J1220-6318;0.789212;8.03e-17
356;J1222-5738;1.081164;1.50e-16
357;J1224-6208;0.585761;2.02e-14
358;B1221-63;0.216476;4.95e-15
359;J1225-5556;1.018453;2.06e-15
360;J1225-6035;0.626324;2.88e-16
361;B1222-63;0.419618;9.46e-16
362;J1231-4609;0.877239;3.80e-17
363;J1231-6303;1.351236;1.40e-15
364;J1232-4742;1.872994;1.40e-17
365;J1233-6312;0.564759;6.92e-15
366;J1233-6344;0.756892;3.88e-15
367;J1235-6354;0.256778;1.97e-16
368;J1236-5033;0.294760;1.56e-16
369;J1237-6725;2.110974;2.19e-15
370;J1238+2152;1.118591;1.45e-15
371;B1237+25;1.382449;9.60e-16
372;B1236-68;1.301908;1.19e-14
373;B1237-41;0.512242;1.74e-15
374;J1243-5735;0.471225;8.00e-17
375;B1240-64;0.388481;4.50e-15
376;J1244-5053;0.275207;1.00e-15
377;J1244-6531;1.546819;7.18e-15
378;J1245-6238;2.283093;1.09e-14
379;J1248-6344;0.198335;1.69e-14
380;J1248-6444;1.234893;1.93e-15
381;J1249-6507;0.434445;1.21e-17
382;J1251-7407;0.327058;3.65e-16
383;J1252-6314;0.823339;1.08e-16
384;J1253-5820;0.255496;2.10e-15
385;J1254-6150;0.184502;6.24e-16
386;J1255-6131;0.657974;4.00e-15
387;B1254-10;0.617308;3.63e-16
388;B1256-67;0.663329;1.21e-15
389;J1301-6305;0.184528;2.67e-13
390;J1301-6310;0.663830;5.64e-14
391;J1302-6313;0.967846;6.33e-15
392;B1259-63;0.047763;2.28e-15
393;J1303-6305;2.306642;2.18e-15
394;J1305-6203;0.427762;3.21e-14
395;J1305-6256;0.478231;2.11e-15
396;B1302-64;0.571647;4.03e-15
397;J1306-6242;0.981902;5.86e-15
398;B1303-66;0.473026;5.97e-15
399;J1307-6318;4.962427;2.11e-14
400;J1308+2127;10.312522;1.12e-13
401;J1308-4650;1.058833;5.26e-16
402;J1308-5844;0.464700;8.64e-15
403;J1309-6415;0.619454;8.79e-15
404;J1309-6526;0.398292;1.84e-17
405;B1309-12;0.447518;1.51e-16
406;B1309-53;0.728154;1.48e-16
407;B1309-55;0.849236;5.71e-15
408;J1312-6400;2.437432;6.83e-16
409;J1313+0931;0.848933;8.00e-16
410;J1314-6101;2.948390;1.17e-14
411;J1316-6232;0.342825;5.30e-15
412;J1317-5759;2.642199;1.26e-14
413;J1317-6302;0.261271;1.02e-16
414;B1316-60;0.284351;1.53e-15
415;J1319-6105;0.421118;1.50e-15
416;B1317-53;0.279729;9.25e-15
417;J1321-5922;1.279058;2.37e-15
418;B1322+83;0.670037;5.66e-16
419;J1322-6241;0.506058;2.59e-15
420;J1322-6329;2.764209;1.11e-14
421;J1324-6146;0.844109;5.58e-15
422;J1324-6302;2.483804;9.79e-16
423;B1323-58;0.477991;3.24e-15
424;B1323-63;0.792670;3.10e-15
425;B1322-66;0.543009;5.31e-15
426;B1323-62;0.529913;1.89e-14
427;B1323-627;0.196479;1.53e-15
428;J1327-6400;0.280678;3.12e-14
429;B1325-43;0.532699;3.01e-15
430;B1325-49;1.478721;6.10e-16
431;J1329-6158;1.565218;3.39e-14
432;J1331-5245;0.648117;5.10e-16
433;J1332-3032;0.650434;5.60e-16
434;J1334-5839;0.107718;2.16e-17
435;J1337-6306;0.207953;3.56e-16
436;B1334-61;1.238990;1.39e-14
437;J1339-6618;0.558179;3.50e-16
438;B1336-64;0.378622;5.05e-15
439;J1341-6023;0.627285;1.95e-14
440;B1338-62;0.193340;2.53e-13
441;J1344-6059;0.540102;4.30e-17
442;J1345-6115;1.253085;3.25e-15
443;J1346-4918;0.299625;3.50e-17
444;J1347-5947;0.609962;1.42e-14
445;J1348-6307;0.927772;3.79e-15
446;J1349-6130;0.259363;5.13e-15
447;J1350-5115;0.295699;7.53e-16
448;J1350-6225;0.138158;8.88e-15
449;J1352-6803;0.628903;1.23e-15
450;J1354-6249;2.951938;1.48e-14
451;B1352-51;0.644301;2.81e-15
452;J1355-5747;2.038674;7.15e-16
453;J1355-5925;1.213381;5.99e-15
454;J1356-5521;0.507380;7.24e-16
455;J1357-6429;0.166108;3.60e-13
456;B1356-60;0.127501;6.34e-15
457;J1400-6325;0.031182;3.89e-14
458;B1358-63;0.842790;1.67e-14
459;J1403-6310;0.399170;9.00e-17
460;J1403-7646;1.306198;1.20e-15
461;J1405-5641;0.617575;1.20e-15
462;J1406-5806;0.288349;6.11e-16
463;J1406-6121;0.213075;5.47e-14
464;J1407-6048;0.492344;3.16e-15
465;J1407-6153;0.701615;8.85e-15
466;J1409-6953;0.528591;8.40e-16
467;J1410-6132;0.050052;3.20e-14
468;J1412-6111;0.529156;1.91e-15
469;J1412-6145;0.315225;9.87e-14
470;J1413-6141;0.285625;3.33e-13
471;J1413-6205;0.109741;2.77e-14
472;J1413-6222;0.292408;2.23e-15
473;B1409-62;0.394946;7.43e-15
474;J1414-6802;4.630188;6.39e-15
475;J1415-6621;0.392479;5.80e-16
476;J1416-5033;0.794883;1.20e-16
477;J1416-6037;0.295580;4.28e-15
478;J1418-3921;1.096806;8.89e-16
479;J1418-5945;1.672596;2.71e-16
480;J1418-6058;0.110573;1.69e-13
481;B1417-54;0.935772;2.37e-16
482;J1420-6048;0.068180;8.32e-14
483;J1422-6138;0.340968;9.68e-14
484;J1423-6953;0.333411;1.45e-15
485;J1424-5556;0.770375;7.80e-16
486;J1424-5822;0.366734;3.94e-15
487;J1424-6438;1.023504;2.40e-16
488;J1425-5723;0.353263;2.20e-17
489;J1425-5759;0.707868;7.42e-16
490;J1425-6210;0.501730;4.78e-16
491;J1427-4158;0.586486;6.21e-16
492;B1424-55;0.570290;2.08e-15
493;J1429-5911;0.115843;3.05e-14
494;J1429-5935;0.763915;4.28e-14
495;B1426-66;0.785441;2.77e-15
496;J1432-5032;2.034989;5.92e-15
497;J1433-6038;1.954430;5.63e-15
498;J1434-6006;0.306368;3.02e-15
499;J1434-6029;0.963348;1.03e-15
500;J1435-5954;0.472995;1.54e-15
501;J1437-5959;0.061696;8.59e-15
502;J1437-6146;0.467616;6.33e-15
503;B1436-63;0.459605;1.12e-15
504;J1441-6137;1.175840;3.60e-16
505;J1443-5122;0.732061;3.38e-16
506;J1444-5941;2.760228;8.23e-15
507;J1444-6026;4.758576;1.85e-14
508;J1449-5846;0.463330;8.60e-17
509;J1452-5851;0.386625;5.07e-14
510;J1452-6036;0.154991;1.45e-15
511;B1449-64;0.179485;2.75e-15
512;B1451-68;0.263377;9.83e-17
513;B1454-51;1.748301;5.29e-15
514;J1457-5900;1.498637;3.66e-15
515;J1457-5902;0.390739;1.23e-14
516;J1459-6053;0.103151;2.53e-14
517;J1501-0046;0.464037;2.39e-16
518;J1501-5637;0.782949;1.70e-16
519;J1502-5653;0.535504;1.83e-15
520;J1502-5828;0.668105;3.64e-14
521;J1502-6128;0.842104;1.35e-15
522;J1503+2111;3.314002;1.40e-16
523;J1504-5621;0.412985;5.53e-15
524;B1503-51;0.840739;6.37e-15
525;B1504-43;0.286757;1.60e-15
526;B1503-66;0.355655;1.16e-15
527;B1508+55;0.739682;5.00e-15
528;J1509-5850;0.088922;9.17e-15
529;J1509-6015;0.339038;2.12e-15
530;B1507-44;0.943871;6.10e-16
531;J1511-5414;0.200384;4.85e-16
532;J1511-5835;0.301511;3.44e-16
533;J1512-5431;2.040532;1.92e-15
534;B1508-57;0.128694;6.85e-15
535;J1513-5739;0.973458;2.75e-14
536;B1509-58;0.151251;1.53e-12
537;J1513-5946;1.046117;8.53e-15
538;B1510-48;0.454839;9.25e-16
539;J1514-5925;0.148796;2.88e-15
540;J1515-5720;0.286646;6.10e-15
541;J1517-4356;0.650837;2.16e-16
542;J1517-4636;0.886612;2.10e-15
543;J1518-0627;0.794997;4.18e-16
544;J1518-5415;0.214925;4.06e-17
545;J1519-5734;0.518758;4.27e-15
546;J1519-6106;2.154307;8.37e-15
547;J1519-6308;1.254052;5.96e-15
548;J1522-5525;1.389605;3.30e-15
549;J1522-5735;0.102136;3.12e-14
550;B1518-58;0.395353;2.00e-15
551;J1524-5625;0.078219;3.90e-14
552;J1524-5706;1.116049;3.56e-13
553;J1524-5819;0.961043;1.26e-13
554;J1525-5417;1.011694;1.62e-14
555;J1525-5605;0.280349;1.16e-16
556;J1526-5633;0.301888;1.23e-16
557;B1524-39;2.417582;1.91e-14
558;B1523-55;1.048705;1.13e-14
559;J1528-4109;0.526556;3.96e-16
560;J1528-5547;3.467302;7.75e-15
561;J1528-5838;0.355687;2.48e-14
562;J1529-5355;0.891265;8.10e-16
563;J1529-5611;0.822249;4.10e-15
564;J1530-5327;0.278957;4.68e-15
565;J1531-4012;0.356849;9.63e-17
566;J1531-5610;0.084202;1.37e-14
567;B1530+27;1.124836;7.80e-16
568;J1532-5308;0.443825;6.50e-17
569;J1534-4428;1.221426;1.80e-16
570;B1530-53;1.368881;1.43e-15
571;B1530-539;0.289689;1.54e-15
572;J1535-4114;0.432866;4.07e-15
573;J1535-4415;0.468402;4.05e-17
574;J1535-5450;0.566734;1.43e-14
575;J1535-5848;0.307178;2.72e-15
576;J1536-3602;1.319759;7.90e-16
577;J1536-5433;0.881438;1.91e-15
578;J1536-5907;0.557841;1.37e-15
579;J1537-4912;0.301311;1.93e-15
580;J1537-5153;1.528124;4.17e-15
581;J1537-5645;0.430464;2.78e-15
582;J1538+2345;3.449385;6.89e-15
583;J1538-5438;0.276726;1.42e-15
584;J1538-5519;0.395731;4.10e-17
585;J1538-5551;0.104675;3.21e-15
586;J1538-5621;1.908494;7.31e-15
587;J1538-5638;0.843980;7.12e-15
588;J1538-5732;0.341213;4.55e-15
589;J1538-5750;0.506568;4.20e-17
590;J1539-4828;1.272842;1.27e-15
591;J1539-5521;1.004958;7.28e-16
592;B1535-56;0.243392;4.85e-15
593;J1539-6322;1.630846;2.02e-16
594;J1540-5736;0.612916;4.21e-16
595;J1541-5535;0.295838;7.50e-14
596;J1542-5034;0.599245;3.97e-15
597;J1542-5133;1.783865;5.89e-16
598;J1542-5303;1.207568;7.78e-14
599;B1540-06;0.709064;8.80e-16
600;B1541+09;0.748448;4.32e-16
601;J1543-5013;0.644255;1.01e-14
602;J1543-5459;0.377119;5.20e-14
603;B1541-52;0.178554;6.07e-17
604;J1546-5302;0.580840;1.18e-14
605;J1547-0944;1.576925;2.94e-15
606;J1547-5750;0.647198;2.56e-17
607;J1547-5839;0.242190;5.94e-16
608;J1548-4927;0.602738;4.05e-15
609;J1548-5607;0.170934;1.07e-14
610;J1549+2113;1.262471;8.54e-16
611;J1549-4848;0.288347;1.41e-14
612;J1549-5722;0.497772;4.70e-17
613;J1550-5242;0.749659;1.78e-14
614;J1550-5317;1.421124;9.35e-16
615;J1550-5418;2.069833;2.32e-11
616;J1551-4424;0.674060;1.88e-16
617;J1551-5310;0.453394;1.95e-13
618;B1550-54;1.081328;1.57e-14
619;J1554-5209;0.125230;2.29e-15
620;J1554-5512;3.418039;3.12e-14
621;J1555-0515;0.975410;2.05e-15
622;B1552-23;0.532578;6.94e-16
623;B1552-31;0.518110;6.22e-17
624;J1556-5358;0.994681;1.04e-14
625;J1557-4258;0.329187;3.30e-16
626;J1558-5419;0.594575;6.04e-15
627;J1558-5756;1.122342;1.86e-13
628;B1556-44;0.257056;1.02e-15
629;B1555-55;0.957242;2.05e-14
630;B1557-50;0.192601;5.06e-15
631;B1556-57;0.194454;2.13e-15
632;J1600-5916;1.247666;8.87e-16
633;J1601-5244;2.559357;7.21e-16
634;J1601-5335;0.288457;6.24e-14
635;J1602-4957;0.819990;1.59e-14
636;B1558-50;0.864227;6.96e-14
637;J1603-2531;0.283070;1.59e-15
638;B1600-27;0.778313;3.01e-15
639;J1603-3539;0.141909;1.24e-16
640;J1603-5657;0.496077;2.79e-15
641;J1604-4718;0.527466;4.96e-15
642;B1600-49;0.327418;1.02e-15
643;J1604-7203;0.341403;8.40e-17
644;J1605-5215;1.013609;4.75e-15
645;B1601-52;0.658013;2.56e-16
646;B1604-00;0.421816;3.06e-16
647;J1607-5140;0.342723;2.54e-15
648;J1607-6449;0.298116;2.49e-17
649;J1609-1930;1.557917;5.09e-16
650;J1609-4616;0.249609;5.01e-16
651;J1609-5158;1.279402;1.30e-14
652;B1607-13;1.018393;2.30e-16
653;J1610-5006;0.481119;1.36e-14
654;J1610-5303;0.786468;2.62e-15
655;J1611-4811;1.296850;1.95e-15
656;J1611-4949;0.666438;5.42e-16
657;B1607-52;0.182492;5.17e-15
658;J1612+2008;0.426646;3.73e-17
659;J1612-2408;0.923834;1.57e-15
660;J1612-5136;0.483311;3.78e-15
661;J1612-5805;0.615520;9.35e-16
662;B1609-47;0.382376;6.32e-16
663;J1613-5211;0.457502;1.92e-14
664;J1613-5234;0.655221;6.63e-15
665;B1612+07;1.206801;2.36e-15
666;J1614-3937;0.407292;1.59e-16
667;B1610-50;0.231694;4.95e-13
668;J1614-5144;1.534008;7.44e-15
669;J1614-5402;0.572592;2.90e-17
670;B1612-29;2.477568;1.58e-15
671;J1615-5444;0.360958;3.38e-16
672;B1611-55;0.791526;2.00e-15
673;J1616-5017;0.491384;4.66e-14
674;J1616-5109;1.219594;1.91e-14
675;J1616-5208;1.025831;2.89e-14
676;J1617-4216;3.428466;1.81e-14
677;J1617-4608;0.567080;1.65e-14
678;J1617-5055;0.069357;1.35e-13
679;J1618-4723;0.203553;1.99e-15
680;J1620-4927;0.171935;1.05e-14
681;J1620-5414;1.156360;6.74e-17
682;J1621-5039;1.084020;1.30e-14
683;J1621-5243;0.371924;7.68e-16
684;J1622-3751;0.731463;2.57e-15
685;J1622-4332;0.916938;1.56e-15
686;J1622-4347;0.457681;5.05e-15
687;J1622-4802;0.265072;3.07e-16
688;J1622-4845;0.735092;1.10e-16
689;J1622-4944;1.072968;1.71e-14
690;J1622-4950;4.326100;1.70e-11
691;J1623-0841;0.503015;1.96e-15
692;B1620-09;1.276446;2.58e-15
693;B1620-42;0.364590;1.02e-15
694;J1623-4949;0.725732;4.21e-14
695;J1623-5005;0.085072;4.16e-15
696;J1624-4041;0.167861;4.72e-15
697;J1624-4411;0.233164;7.99e-16
698;J1624-4613;0.871243;6.07e-17
699;J1624-4721;0.448723;4.15e-15
700;J1625-4048;2.355278;4.43e-16
701;J1625-4904;0.460339;1.68e-14
702;J1625-4913;0.355856;6.65e-15
703;J1626-4537;0.370141;8.28e-15
704;J1626-4807;0.293928;1.75e-14
705;J1626-6621;0.450868;7.66e-16
706;J1627+1419;0.490857;3.93e-16
707;J1627-4706;0.140746;1.73e-15
708;J1627-4845;0.612331;3.64e-15
709;J1627-5547;0.352464;7.38e-16
710;J1628-4804;0.865971;1.24e-15
711;J1628-4828;4.137539;1.75e-14
712;J1629-3636;2.988193;7.00e-15
713;J1630-4719;0.559071;1.42e-14
714;B1626-47;0.575971;2.23e-14
715;J1631-1612;0.677684;1.10e-15
716;J1632-1013;0.717637;6.60e-17
717;J1632-4509;1.046810;1.49e-14
718;J1632-4621;1.709154;7.60e-14
719;J1632-4757;0.228564;1.51e-14
720;J1632-4818;0.813453;6.50e-13
721;J1633-2009;0.935557;1.07e-15
722;B1630-44;0.436507;6.20e-15
723;J1633-4805;0.710830;7.69e-14
724;B1629-50;0.352142;3.79e-15
725;J1634-5107;0.507356;1.57e-15
726;J1634-5640;0.224201;4.10e-17
727;J1635-1511;1.179387;2.32e-16
728;B1633+24;0.490507;1.19e-16
729;J1635-4513;1.594746;3.60e-15
730;J1635-4944;0.671964;8.79e-15
731;B1630-59;0.529121;1.37e-15
732;J1636-4440;0.206649;4.67e-14
733;J1636-4803;1.204644;2.07e-14
734;J1636-4933;0.430367;1.51e-15
735;J1637-4335;0.771367;3.62e-15
736;J1637-4450;0.252870;5.75e-16
737;B1634-45;0.118771;3.19e-15
738;J1637-4642;0.154027;5.92e-14
739;J1637-4721;1.165741;4.44e-15
740;J1637-4816;0.837365;5.83e-15
741;J1638-3815;0.698261;7.70e-17
742;J1638-3951;0.771130;5.90e-16
743;J1638-4344;1.121944;2.50e-17
744;J1638-4417;0.117802;1.61e-15
745;J1638-4608;0.278137;5.15e-14
746;J1638-4725;0.763933;4.79e-15
747;J1638-5226;0.340503;2.65e-15
748;J1639-4359;0.587559;1.50e-17
749;B1635-45;0.529116;5.78e-15
750;J1640-4631;0.206443;9.76e-13
751;J1640-4648;0.178352;8.06e-16
752;B1636-47;0.517405;4.20e-14
753;J1640-4951;0.739099;3.34e-16
754;J1641-2347;1.091008;4.11e-17
755;J1643-4505;0.237383;3.18e-14
756;J1643-4522;1.347899;8.28e-15
757;J1643-4550;0.717508;3.00e-14
758;B1641-45;0.455060;2.01e-14
759;J1644-4657;0.125962;7.50e-16
760;B1642-03;0.387690;1.78e-15
761;J1645+1012;0.410861;8.13e-17
762;J1646-4308;0.840680;1.10e-16
763;B1643-43;0.231603;1.13e-13
764;J1646-5123;0.530075;2.10e-15
765;B1641-68;1.785611;1.70e-15
766;J1647-3607;0.212316;1.29e-16
767;J1647-4552;10.610656;8.33e-13
768;J1648-3256;0.719455;3.53e-15
769;J1648-4458;0.629632;1.85e-15
770;J1648-4611;0.164950;2.37e-14
771;J1648-6044;0.583765;4.29e-16
772;J1649+2533;1.015257;5.59e-16
773;J1649-3805;0.262026;3.67e-17
774;J1649-3935;0.770910;3.91e-17
775;J1649-4349;0.870712;4.40e-17
776;J1649-4653;0.557019;4.97e-14
777;J1649-4729;0.297692;6.55e-15
778;J1649-5553;0.613571;1.70e-15
779;J1650-1654;1.749552;3.20e-15
780;J1650-4126;0.308918;1.98e-17
781;J1650-4341;0.309398;1.67e-17
782;J1650-4502;0.380870;1.61e-14
783;J1650-4601;0.127123;1.51e-14
784;J1650-4921;0.156399;1.82e-15
785;B1648-17;0.973394;3.04e-15
786;B1648-42;0.844081;4.81e-15
787;J1651-4519;0.517443;8.19e-15
788;B1647-52;0.635056;1.81e-15
789;B1647-528;0.890534;2.07e-15
790;J1651-7642;1.755311;1.36e-15
791;J1652-1400;0.305447;1.76e-17
792;B1649-23;1.703739;3.16e-15
793;J1652+2651;0.915803;6.54e-16
794;J1652-4406;7.707183;9.50e-15
795;B1650-38;0.305037;2.79e-15
796;J1653-4030;1.019372;4.36e-16
797;J1653-4249;0.612558;4.81e-15
798;J1653-4315;0.419280;1.50e-17
799;J1653-4854;3.059510;3.45e-15
800;J1654-2713;0.791822;1.68e-16
801;J1654-3710;0.939165;7.35e-16
802;J1654-4140;1.273945;1.30e-16
803;J1654-4245;1.101555;5.12e-14
804;J1655-3048;0.542936;3.66e-17
805;J1655-3844;1.193439;2.00e-15
806;J1656-3621;0.730134;1.28e-15
807;J1657-4432;0.609607;8.20e-15
808;J1658-4306;1.166449;4.28e-14
809;J1658-4958;0.416874;3.86e-15
810;B1657-13;0.640958;6.18e-16
811;J1659-4316;0.474381;1.71e-16
812;J1659-4439;0.353293;2.50e-17
813;J1700-3312;1.358307;4.71e-15
814;J1700-3611;1.494091;4.32e-15
815;J1700-4012;0.283792;9.91e-17
816;J1700-4422;0.755535;4.00e-17
817;J1700-4939;0.578363;1.08e-15
818;J1701-3130;0.291341;5.60e-17
819;B1658-37;2.454609;1.11e-14
820;B1657-45;0.322909;5.19e-16
821;J1701-4958;0.804304;1.10e-16
822;J1702-3932;0.390328;3.78e-16
823;J1702-4128;0.182136;5.23e-14
824;J1702-4217;0.227565;1.14e-17
825;J1702-4306;0.215507;9.79e-15
826;J1702-4310;0.240524;2.24e-13
827;J1702-4428;2.123506;3.30e-15
828;B1700-18;0.804341;1.73e-15
829;B1700-32;1.211785;6.60e-16
830;J1703-4442;1.747293;1.43e-14
831;J1703-4851;1.396401;5.08e-15
832;B1659-60;0.306323;9.10e-16
833;B1702-19;0.298987;4.14e-15
834;J1705-3423;0.255426;1.08e-15
835;J1705-3936;0.854482;1.93e-14
836;J1705-3950;0.318941;6.06e-14
837;J1705-4108;0.861067;3.47e-14
838;J1705-4331;0.222561;7.12e-17
839;J1705-6135;0.808546;6.00e-17
840;J1706-3839;0.586287;3.00e-15
841;J1706-4310;0.616979;6.51e-15
842;J1706-6118;0.361921;2.92e-16
843;B1703-40;0.581017;1.92e-15
844;J1707-4341;0.890594;5.70e-15
845;J1707-4417;5.763777;1.16e-14
846;J1707-4729;0.266474;1.56e-15
847;J1708-3426;0.692113;4.20e-15
848;J1708-3641;0.587567;1.35e-16
849;J1708-3827;1.225782;8.60e-15
850;J1708-4008;11.006262;1.96e-11
851;J1708-4522;1.297837;2.61e-15
852;B1701-75;1.191024;1.88e-15
853;B1706-16;0.653054;6.31e-15
854;J1709-3626;0.447857;2.27e-15
855;J1709-3841;0.586986;7.86e-15
856;J1709-4342;1.735898;8.00e-16
857;J1709-4401;0.865235;7.37e-15
858;B1706-44;0.102459;9.30e-14
859;J1710-2616;0.954158;2.00e-17
860;J1710-4148;0.286561;1.02e-16
861;B1709-15;0.868804;1.10e-15
862;J1711-3826;0.465365;7.41e-15
863;J1711-4322;0.102618;2.67e-17
864;B1707-53;0.899218;1.55e-14
865;J1712-2715;0.255360;1.28e-15
866;J1713-3844;1.600114;1.77e-13
867;J1714-1054;0.696279;5.88e-17
868;J1714-3810;3.824936;5.88e-11
869;J1715-3247;1.260214;9.20e-17
870;J1715-3700;0.779628;1.46e-16
871;J1715-3859;0.928108;4.40e-15
872;J1715-3903;0.278481;3.77e-14
873;J1715-4034;2.072153;3.01e-15
874;J1715-4254;0.573745;8.76e-16
875;J1716-3720;0.630314;1.80e-14
876;J1716-4005;0.311813;2.87e-15
877;J1716-4111;1.036067;2.88e-15
878;J1716-4711;0.555824;8.33e-16
879;B1714-34;0.656299;9.80e-15
880;J1717-3737;0.682419;5.29e-15
881;J1717-3847;1.149499;8.20e-16
882;J1717-3953;1.085521;3.30e-17
883;J1717-4043;0.397857;1.22e-14
884;J1717-40435;0.349929;1.75e-15
885;B1713-40;0.887719;3.68e-15
886;J1717-5800;0.321793;1.96e-16
887;J1718-3714;1.289379;2.62e-14
888;J1718-3718;3.378574;1.61e-12
889;J1718-3825;0.074670;1.32e-14
890;J1718-4539;0.590473;7.51e-15
891;B1715-40;0.189094;1.67e-15
892;J1719-4302;0.235475;3.92e-16
893;B1718-02;0.477715;8.28e-17
894;B1717-16;1.565601;5.80e-15
895;J1720+2150;1.615664;7.40e-16
896;J1720-2446;0.874265;5.93e-16
897;B1717-29;0.620448;7.46e-16
898;J1720-3659;0.351125;3.27e-17
899;B1718-19;1.004037;1.62e-15
900;J1721-1939;0.404040;1.28e-16
901;B1718-35;0.280424;2.52e-14
902;B1718-32;0.477158;6.46e-16
903;B1718-36;0.399183;4.46e-15
904;B1719-37;0.236173;1.09e-14
905;J1722-4400;0.218554;3.74e-16
906;J1723-2852;0.625034;9.00e-16
907;J1723-3659;0.202722;8.01e-15
908;J1724-3149;0.948237;7.25e-15
909;J1724-3505;1.221708;2.11e-14
910;J1724-4500;1.309109;3.51e-15
911;J1725-0732;0.239919;4.30e-16
912;J1725-2852;1.257788;1.99e-15
913;J1725-3546;1.032471;1.50e-14
914;J1725-3848;2.062386;2.30e-14
915;J1725-4043;1.465071;2.79e-15
916;J1726-3530;1.110132;1.22e-12
917;J1726-3635;0.287432;1.44e-15
918;J1726-4006;0.882778;3.33e-15
919;J1727-2739;1.293100;1.10e-15
920;B1726-00;0.386004;1.12e-15
921;J1728-3733;0.615538;7.20e-17
922;J1728-4028;0.866343;2.33e-16
923;J1730-2900;1.538427;8.85e-15
924;B1727-33;0.139460;8.48e-14
925;J1730-3353;3.270242;2.20e-14
926;J1731-3123;0.753048;1.68e-15
927;J1731-3322;0.544671;2.81e-14
928;B1727-47;0.829829;1.64e-13
929;J1732-1930;0.483770;1.82e-16
930;J1732-3131;0.196543;2.80e-14
931;J1732-3426;0.332887;4.02e-16
932;J1732-3729;2.184001;1.30e-15
933;B1729-41;0.627981;1.28e-14
934;J1732-4156;0.323434;6.61e-16
935;B1730-22;0.871683;4.27e-17
936;J1733-2533;0.659794;2.10e-15
937;J1733-2837;0.768185;1.11e-15
938;J1733-3030;0.362052;1.65e-15
939;J1733-3322;1.245915;4.10e-15
940;B1730-37;0.337594;1.50e-14
941;J1733-4005;0.561778;3.62e-15
942;J1733-5515;1.011234;4.00e-16
943;B1732-02;0.839394;4.21e-16
944;J1734-2415;0.612524;1.05e-15
945;J1734-3058;0.541286;1.62e-17
946;J1734-3333;1.169341;2.28e-12
947;J1735-0243;0.782887;6.32e-16
948;B1732-07;0.419335;1.21e-15
949;J1735-3258;0.350963;2.61e-14
950;J1736-2457;2.642223;3.43e-15
951;J1736-2819;1.592419;1.49e-14
952;J1736-2843;6.445036;3.00e-14
953;J1736-3511;0.502803;1.57e-15
954;J1737-3102;0.768672;3.73e-14
955;J1737-3137;0.450432;1.39e-13
956;J1737-3320;0.816273;2.25e-15
957;B1734-35;0.397585;6.12e-15
958;J1738-2330;1.978847;8.56e-15
959;J1738-2647;0.349591;3.15e-15
960;J1738-2736;0.627716;4.62e-15
961;J1738-2955;0.443398;8.19e-14
962;J1738-3107;0.549498;2.96e-16
963;B1735-32;0.768499;7.95e-16
964;J1738-3316;0.730373;8.86e-17
965;J1739+0612;0.234169;1.56e-16
966;J1739-1313;1.215698;8.17e-17
967;B1736-29;0.322882;7.88e-15
968;J1739-3023;0.114368;1.14e-14
969;J1739-3049;0.239317;2.18e-15
970;B1736-31;0.529441;1.86e-14
971;J1739-3159;0.877561;1.97e-16
972;J1739-3951;0.341772;1.99e-17
973;J1740+1000;0.154087;2.15e-14
974;B1737+13;0.803050;1.45e-15
975;J1740-2540;1.692656;1.85e-15
976;B1737-30;0.606887;4.66e-13
977;J1740-3052;0.570313;2.55e-14
978;J1740-3327;0.515001;3.90e-15
979;B1738-08;2.043082;2.27e-15
980;J1741-2019;3.904506;1.63e-14
981;J1741-2054;0.413700;1.70e-14
982;J1741-2719;0.346797;8.06e-17
983;J1741-2733;0.892959;1.48e-16
984;J1741+2758;1.360738;1.84e-15
985;J1741-2945;0.223558;6.34e-16
986;J1741-3016;1.893749;8.99e-15
987;B1737-39;0.512211;1.93e-15
988;J1742-3957;1.016349;8.16e-17
989;J1742-4616;0.412401;3.38e-17
990;B1740-03;0.444645;1.56e-15
991;B1740-13;0.405337;4.78e-16
992;J1743-2442;1.242508;4.72e-16
993;B1740-31;2.414576;1.21e-13
994;J1743-3153;0.193105;1.06e-14
995;J1743-4212;0.306167;7.83e-16
996;J1744-1610;1.757206;2.38e-15
997;J1744-2335;1.683507;8.33e-16
998;J1744-3130;1.066061;2.12e-14
999;J1744-5337;0.355666;1.90e-16
1000;J1745-0129;1.045407;6.31e-16
1001;J1745-2229;1.160593;2.86e-15
1002;J1745-2900;3.763733;1.76e-11
1003;B1742-30;0.367432;1.07e-14
1004;J1745-3812;0.698353;2.43e-15
1005;J1746+2245;3.465038;4.92e-15
1006;J1746+2540;1.058148;1.05e-15
1007;J1746-2849;1.478480;1.27e-14
1008;J1746-2850;1.077101;1.34e-12
1009;J1746-2856;0.945224;1.25e-14
1010;J1746-3239;0.199541;6.56e-15
1011;J1747-1030;1.578793;4.30e-16
1012;J1747-2647;0.500254;1.32e-14
1013;J1747-2802;2.780079;2.37e-15
1014;J1747-2809;0.052153;1.56e-13
1015;J1747-2958;0.098814;6.13e-14
1016;B1745-12;0.394133;1.21e-15
1017;B1745-20A;0.288603;3.99e-16
1018;J1748-2444;0.442838;1.11e-16
1019;J1749-2347;0.874486;2.42e-15
1020;J1749-2629;1.335388;1.72e-15
1021;B1746-30;0.609874;7.87e-15
1022;J1749-4931;0.445822;5.90e-16
1023;B1745-56;1.332310;2.12e-15
1024;J1750-2043;5.639047;7.95e-15
1025;J1750-2438;0.712794;1.08e-14
1026;J1750-2444;0.899377;2.64e-16
1027;J1750-28;1.300513;5.78e-15
1028;B1747-31;0.910363;1.97e-16
1029;J1750-3503;0.684014;3.81e-17
1030;J1751-2516;0.394836;2.64e-15
1031;J1751-3323;0.548227;8.83e-15
1032;B1747-46;0.742352;1.29e-15
1033;J1752+2359;0.409051;6.43e-16
1034;J1752-2410;0.191037;6.18e-16
1035;B1749-28;0.562558;8.13e-15
1036;J1752-2821;0.640229;3.47e-15
1037;B1750-24;0.528336;1.41e-14
1038;J1754-2422;2.090248;8.30e-16
1039;J1754-3443;0.361691;5.71e-16
1040;J1754-3510;0.392704;7.82e-16
1041;B1753+52;2.391397;1.56e-15
1042;J1755-0903;0.190710;7.81e-16
1043;J1755-1650;0.733744;6.86e-16
1044;J1755-2025;0.322231;4.42e-15
1045;J1755-2521;1.175968;9.02e-14
1046;J1755-25211;1.004513;3.12e-14
1047;J1755-2534;0.233541;1.12e-14
1048;J1755-26;0.430872;1.23e-14
1049;J1755-2725;0.261955;1.37e-17
1050;J1756-2225;0.404980;5.27e-14
1051;B1753-24;0.670480;2.85e-16
1052;J1756-2619;0.724514;1.24e-15
1053;J1757-2223;0.185310;7.82e-16
1054;B1754-24;0.234101;1.29e-14
1055;J1758-1931;0.692552;1.69e-14
1056;J1758-2206;0.430278;9.56e-16
1057;J1758-2540;2.107263;1.55e-15
1058;J1758-2630;1.202893;5.17e-15
1059;J1758-2846;0.766706;9.41e-17
1060;J1758+3030;0.947256;7.20e-16
1061;J1759-1029;2.512263;1.57e-14
1062;J1759-1736;0.798452;2.55e-16
1063;J1759-1903;0.731505;3.07e-15
1064;J1759-1940;0.254720;9.34e-17
1065;J1759-1956;2.843389;1.86e-14
1066;B1756-22;0.460974;1.09e-14
1067;J1759-2302;0.810718;1.07e-14
1068;J1759-2307;0.558889;3.76e-15
1069;J1759-2549;0.956549;9.96e-14
1070;J1759-2922;0.574400;4.63e-15
1071;J1759-3107;1.078953;3.77e-15
1072;J1800-0125;0.783185;1.15e-14
1073;J1800-2114;1.799272;5.50e-16
1074;B1758-03;0.921491;3.31e-15
1075;J1801-1855;2.550498;1.82e-16
1076;J1801-1909;1.108725;7.03e-16
1077;J1801-2115;0.438113;1.55e-17
1078;J1801-2154;0.375297;1.60e-14
1079;B1758-23;0.415827;1.13e-13
1080;B1757-24;0.124924;1.28e-13
1081;B1758-29;1.081908;3.29e-15
1082;J1801-3458;1.385604;3.97e-16
1083;J1802+0128;0.554262;2.11e-15
1084;J1802-1745;0.514671;5.64e-16
1085;J1802-2426;0.569007;8.56e-15
1086;J1802-3346;2.461052;1.32e-15
1087;J1803-1616;0.536596;1.77e-15
1088;J1803-1857;2.864338;1.52e-14
1089;J1803-1920;0.443649;3.30e-16
1090;B1800-21;0.133667;1.34e-13
1091;J1803-2149;0.106332;1.95e-14
1092;B1800-27;0.334415;1.71e-17
1093;J1803-3329;0.633412;3.37e-16
1094;J1804-2228;0.570511;1.43e-16
1095;B1802+03;0.218712;9.99e-16
1096;J1805-0619;0.454651;9.69e-16
1097;J1805-1504;1.181269;2.73e-16
1098;J1805-2032;0.405769;8.39e-15
1099;J1805-2037;0.357807;1.76e-15
1100;J1805-2948;0.428341;4.74e-16
1101;J1806+1023;0.484286;5.73e-17
1102;B1804-12;0.522618;1.41e-15
1103;J1806-1618;0.668309;8.62e-16
1104;J1806-1920;0.879791;1.70e-17
1105;J1806-2125;0.481789;1.21e-13
1106;J1807+0756;0.464300;1.29e-16
1107;B1804-08;0.163727;2.88e-17
1108;J1807-2557;2.764195;4.99e-15
1109;B1804-27;0.827776;1.22e-14
1110;J1808-0813;0.876044;1.24e-15
1111;J1808-1020;0.596993;7.72e-16
1112;J1808-1517;0.544549;2.67e-15
1113;J1808-1726;0.241035;1.16e-17
1114;J1808-2024;7.555920;5.49e-10
1115;B1805-20;0.918410;1.71e-14
1116;J1808-2701;2.457882;6.58e-14
1117;J1808-3249;0.364912;7.05e-15
1118;J1809-0119;0.744976;2.29e-15
1119;J1809-0743;0.313886;1.52e-16
1120;J1809-1429;0.895285;5.24e-15
1121;J1809-1850;1.124481;1.06e-14
1122;J1809-1917;0.082747;2.55e-14
1123;J1809-1943;5.540743;2.83e-12
1124;J1809-2004;0.434811;7.28e-15
1125;B1806-21;0.702414;3.82e-15
1126;J1809-2332;0.146789;3.44e-14
1127;J1809-3547;0.860388;1.20e-16
1128;J1810-1441;0.217214;2.39e-17
1129;J1810-1820;0.153716;5.22e-17
1130;B1806-53;0.261049;3.83e-16
1131;J1811-0154;0.924945;1.61e-15
1132;J1811+0702;0.461713;2.69e-15
1133;J1811-1049;2.623859;8.00e-16
1134;J1811-1717;0.391385;1.20e-16
1135;J1811-1835;0.557464;6.31e-15
1136;J1811-1925;0.064667;4.40e-14
1137;J1811-2439;0.415813;2.97e-16
1138;J1811-4930;1.432704;2.25e-15
1139;B1810+02;0.793903;3.60e-15
1140;B1809-173;1.205374;1.91e-14
1141;B1809-176;0.538341;9.82e-16
1142;J1812-1910;0.430991;3.77e-14
1143;J1812-2102;1.223352;2.39e-14
1144;J1812-2526;0.315835;1.77e-16
1145;J1812-2748;0.236983;3.16e-16
1146;J1812-3039;0.587477;6.60e-16
1147;J1813-1246;0.048072;1.76e-14
1148;J1813-1749;0.044699;1.27e-13
1149;J1813+1822;0.336425;2.10e-17
1150;J1813-2113;0.426466;2.08e-15
1151;J1813-2242;0.328514;4.78e-17
1152;B1811+40;0.931089;2.55e-15
1153;J1814-0521;1.014219;8.84e-16
1154;J1814-0618;1.377868;2.92e-16
1155;J1814+1130;0.751261;1.66e-15
1156;J1814-1649;0.957464;6.33e-15
1157;J1814-1744;3.975905;7.45e-13
1158;J1815-1738;0.198436;7.79e-14
1159;J1815-1910;1.249924;3.63e-14
1160;J1816-0755;0.217643;6.48e-15
1161;J1816-1446;0.594500;1.33e-15
1162;B1813-17;0.782313;7.26e-15
1163;B1813-26;0.592885;6.64e-17
1164;J1817-1511;0.224604;1.43e-15
1165;J1817-1938;2.046838;3.60e-16
1166;B1813-36;0.387017;2.05e-15
1167;J1817-3837;0.384487;5.80e-16
1168;J1818-1116;0.544800;3.82e-15
1169;B1815-14;0.291489;2.04e-15
1170;J1818-1448;0.281371;6.15e-15
1171;J1818-1519;0.939690;4.11e-15
1172;J1818-1541;0.551134;9.68e-15
1173;J1818-1556;0.952709;7.06e-16
1174;J1819-0925;0.852047;3.13e-15
1175;J1819-1008;0.301490;1.32e-15
1176;J1819-1114;0.294163;5.66e-16
1177;J1819-1131;1.388137;7.61e-16
1178;J1819+1305;1.060364;3.59e-16
1179;J1819-1318;1.515696;5.97e-16
1180;J1819-1408;1.788490;2.59e-15
1181;J1819-1458;4.263164;5.75e-13
1182;J1819-1717;0.393522;3.45e-15
1183;B1818-04;0.598076;6.33e-15
1184;J1820-0509;0.337321;9.32e-16
1185;B1817-13;0.921460;4.50e-15
1186;J1820-1529;0.333243;3.79e-14
1187;B1817-18;0.309905;9.36e-17
1188;J1821-0256;0.414111;3.72e-17
1189;J1821-0331;0.902316;2.53e-15
1190;J1821-1419;1.656010;8.95e-13
1191;J1821-1432;1.915131;5.37e-15
1192;J1821+1715;1.366682;8.71e-16
1193;J1822+0705;1.362817;1.75e-15
1194;J1822-0848;2.504518;4.03e-16
1195;J1822-0907;0.974700;3.55e-16
1196;J1822+1120;1.787037;2.35e-15
1197;J1822-1252;2.071040;8.48e-14
1198;B1820-14;0.214771;9.07e-16
1199;J1822-1604;8.437721;2.14e-14
1200;J1822-1617;0.831156;1.89e-15
1201;B1819-22;1.874269;1.35e-15
1202;J1822-4209;0.456512;4.59e-16
1203;J1823-0154;0.759777;1.13e-15
1204;B1821+05;0.752907;2.27e-16
1205;B1820-11;0.279829;1.38e-15
1206;J1823-1126;1.846534;3.65e-14
1207;J1823-1347;0.617107;9.60e-15
1208;J1823-1526;1.625405;4.52e-15
1209;J1823-1807;1.636792;2.79e-16
1210;B1820-30B;0.378596;2.99e-17
1211;J1823-3021C;0.405936;2.24e-16
1212;B1820-31;0.284054;2.93e-15
1213;J1824-0127;2.499468;3.91e-15
1214;B1821-11;0.435759;3.55e-15
1215;J1824-1159;0.362492;5.38e-15
1216;J1824-1350;1.396599;6.07e-16
1217;J1824-1423;0.359394;3.92e-16
1218;J1824-1500;0.412230;7.58e-16
1219;B1821-19;0.189335;5.23e-15
1220;J1824-2233;1.161743;3.01e-16
1221;J1824-2328;1.505875;1.74e-15
1222;J1824-2537;0.223320;4.40e-16
1223;B1822+00;0.778949;8.76e-16
1224;B1822-09;0.769006;5.25e-14
1225;J1825-1108;1.925872;1.90e-15
1226;B1822-14;0.279187;2.27e-14
1227;B1823-11;2.093136;4.91e-15
1228;J1826-1256;0.110224;1.21e-13
1229;B1823-13;0.101487;7.53e-14
1230;J1826-1419;0.770620;8.78e-15
1231;J1826-1526;0.382073;1.08e-15
1232;J1827-0750;0.270502;1.54e-15
1233;J1827-0934;0.512548;7.23e-15
1234;B1824-10;0.245757;1.00e-15
1235;J1827-1446;0.499187;4.53e-14
1236;J1828-0611;0.269415;1.46e-15
1237;J1828-1007;0.153197;6.13e-16
1238;J1828-1057;0.246328;2.07e-14
1239;J1828-1101;0.072052;1.48e-14
1240;J1828-1336;0.860332;9.95e-16
1241;J1828+1359;0.741640;7.29e-16
1242;J1828-2119;0.514523;1.27e-15
1243;J1829+0000;0.199147;5.25e-16
1244;J1829-0734;0.318401;4.79e-15
1245;B1826-17;0.307133;5.55e-15
1246;J1830-0052;0.345698;2.37e-16
1247;J1830-0131;0.457536;6.32e-15
1248;B1828-11;0.405043;6.00e-14
1249;J1830-1135;6.221553;4.77e-14
1250;J1830-1313;0.747188;1.71e-15
1251;J1830-1414;0.771493;7.62e-17
1252;J1831-0823;0.612133;3.09e-16
1253;J1831-0952;0.067267;8.32e-15
1254;J1831-1223;2.857941;5.47e-15
1255;J1831-1329;2.165679;2.99e-15
1256;J1831-1423;0.507945;1.09e-15
1257;J1832+0029;0.533917;1.51e-15
1258;J1832-0644;0.744295;3.71e-14
1259;B1829-08;0.647293;6.39e-14
1260;B1829-10;0.330354;4.20e-15
1261;J1833-0209;0.291931;2.75e-15
1262;B1831-03;0.686704;4.16e-14
1263;J1833-0556;1.521545;1.28e-15
1264;J1833-0559;0.483459;1.23e-14
1265;B1830-08;0.085284;9.17e-15
1266;J1833-0831;7.565408;3.43e-12
1267;J1833-1034;0.061884;2.02e-13
1268;J1833-1055;0.633640;5.27e-16
1269;B1828-60;1.889436;2.70e-16
1270;B1831-00;0.520954;1.05e-17
1271;J1834-0031;0.329532;4.49e-16
1272;B1831-04;0.290108;7.19e-17
1273;J1834-0602;0.487914;1.83e-15
1274;J1834-0633;0.317315;6.04e-16
1275;J1834-0731;0.512980;5.82e-14
1276;J1834-0742;0.788354;3.25e-14
1277;J1834-0812;0.491142;9.96e-15
1278;J1834-0845;2.482302;7.96e-12
1279;J1834-1710;0.358306;4.69e-17
1280;J1834-1855;1.465656;1.93e-15
1281;J1835-0349;0.841865;3.06e-15
1282;J1835-0522;1.087749;4.73e-16
1283;B1832-06;0.305830;4.05e-14
1284;J1835-0924;0.859192;2.14e-14
1285;J1835-09242;0.235249;1.18e-17
1286;J1835-0928;0.621734;9.69e-16
1287;J1835-0944;0.145347;4.39e-15
1288;J1835-0946;0.379536;4.32e-17
1289;J1835-1020;0.302450;5.92e-15
1290;J1835-1106;0.165907;2.06e-14
1291;J1835-1548;0.670486;1.74e-15
1292;B1834-04;0.354237;1.66e-15
1293;J1836-0517;0.457245;1.30e-15
1294;B1834-10;0.562711;1.18e-14
1295;J1836-1324;0.178756;1.04e-15
1296;J1836+5925;0.173264;1.50e-15
1297;J1837-0045;0.617037;1.68e-15
1298;J1837+0053;0.473513;3.77e-17
1299;J1837-0559;0.201063;3.30e-15
1300;J1837-0604;0.096294;4.52e-14
1301;B1834-06;1.905809;7.72e-16
1302;J1837+1221;1.963532;6.20e-15
1303;J1837-1243;1.876019;3.65e-14
1304;J1837-1837;0.618358;5.50e-15
1305;J1838-0453;0.380831;1.16e-13
1306;J1838-0537;0.145708;4.72e-13
1307;J1838-0549;0.235303;3.34e-14
1308;J1838-0624;0.927178;7.74e-17
1309;J1838-0655;0.070498;4.92e-14
1310;J1838-1046;1.218354;3.08e-15
1311;J1838+1650;1.901967;2.68e-15
1312;J1838-1849;0.488242;4.00e-17
1313;J1839-0223;1.266790;4.76e-15
1314;J1839-0321;0.238778;1.25e-14
1315;J1839-0332;2.675682;4.76e-15
1316;J1839-0402;0.520940;7.69e-15
1317;J1839-0436;0.149461;8.10e-16
1318;J1839-0459;0.585319;3.31e-15
1319;J1839-0627;0.484914;1.32e-16
1320;J1839-0643;0.449548;3.64e-15
1321;J1839-0905;0.418969;2.60e-14
1322;J1839-1238;1.911428;4.95e-15
1323;J1839+15;0.549161;2.61e-14
1324;J1840+0214;0.797478;8.29e-15
1325;J1840-0559;0.859368;9.60e-15
1326;J1840-0626;1.893353;2.30e-14
1327;J1840-0643;0.035578;2.20e-16
1328;J1840-0753;0.437869;1.00e-16
1329;J1840-0809;0.955672;2.35e-15
1330;J1840-0815;1.096440;2.42e-15
1331;J1840-0840;5.309377;2.37e-14
1332;J1840-1122;0.940962;6.41e-15
1333;J1840-1207;0.754470;3.20e-15
1334;J1840-1419;6.597563;6.33e-15
1335;B1839+56;1.652862;1.49e-15
1336;J1841-0157;0.663321;1.81e-14
1337;J1841-0310;1.657656;3.35e-16
1338;J1841-0345;0.204068;5.79e-14
1339;B1838-04;0.186149;6.39e-15
1340;J1841-0456;11.788978;4.09e-11
1341;J1841-0500;0.912914;3.48e-14
1342;J1841-0524;0.445749;2.34e-13
1343;B1839+09;0.381319;1.09e-15
1344;J1841-1404;1.334557;6.41e-16
1345;J1841-7845;0.353603;1.60e-16
1346;J1842-0153;1.054228;6.72e-15
1347;J1842+0257;3.088256;2.96e-14
1348;J1842-0309;0.404920;4.52e-15
1349;J1842+0358;0.233326;8.11e-16
1350;B1839-04;1.839944;5.09e-16
1351;J1842-0415;0.526682;2.19e-14
1352;J1842-0612;0.564475;2.20e-17
1353;J1842+0638;0.313016;7.60e-17
1354;J1842-0800;1.255469;1.94e-16
1355;J1842-0905;0.344643;1.05e-14
1356;J1842+1332;0.471604;2.29e-16
1357;J1843-0000;0.880330;7.79e-15
1358;J1843-0050;0.782598;2.49e-16
1359;J1843-0137;0.669872;2.47e-15
1360;J1843-0211;2.027524;1.44e-14
1361;J1843-0355;0.132314;1.04e-15
1362;J1843-0408;0.781934;2.39e-15
1363;J1843-0459;0.754963;8.54e-16
1364;J1843-0510;0.671614;3.89e-15
1365;J1843-0702;0.191614;2.14e-15
1366;J1843-0744;0.475393;1.33e-14
1367;J1843-0806;0.536414;1.74e-14
1368;J1843-1507;0.583550;7.20e-15
1369;J1843+2024;3.406539;1.04e-15
1370;J1844-0030;0.641098;6.08e-15
1371;B1842-02;0.507722;1.67e-14
1372;J1844-0302;1.198630;7.81e-15
1373;J1844-0310;0.525049;1.02e-14
1374;J1844-0346;0.112855;1.55e-13
1375;B1841-04;0.991027;3.91e-15
1376;J1844-0452;0.269443;6.80e-16
1377;J1844-0502;0.335163;6.18e-17
1378;B1841-05;0.255699;9.71e-15
1379;B1842+14;0.375463;1.87e-15
1380;J1845-0316;0.207636;8.86e-15
1381;B1842-04;0.486751;1.13e-14
1382;J1845-0545;1.092348;1.34e-14
1383;J1845+0623;1.421654;5.46e-16
1384;J1845-0635;0.340528;4.49e-15
1385;J1845-0743;0.104695;3.67e-16
1386;J1845-0826;0.634354;9.35e-15
1387;J1845-1114;0.206220;2.01e-15
1388;J1845-1351;2.618918;9.72e-15
1389;J1846+0051;0.434373;1.12e-14
1390;J1846-0257;4.476723;1.61e-13
1391;J1846-0258;0.326571;7.11e-12
1392;J1846-0749;0.350110;1.26e-15
1393;J1846-07492;0.861380;5.19e-15
1394;J1846+0919;0.225551;9.93e-15
1395;J1846-7403;4.878839;6.06e-15
1396;J1847-0130;6.707046;1.27e-12
1397;B1844-04;0.597792;5.17e-14
1398;J1847-0438;0.957991;1.09e-14
1399;J1847-0443;0.340832;2.83e-17
1400;J1847-0605;0.778164;4.65e-15
1401;J1848-0023;0.537624;1.61e-15
1402;J1848-0055;0.274557;1.35e-15
1403;B1845-01;0.659432;5.25e-15
1404;J1848+0351;0.191443;6.73e-17
1405;J1848-0511;1.637129;8.86e-15
1406;J1848-0601;0.225004;2.87e-16
1407;J1848+0604;2.218603;3.74e-15
1408;J1848+0647;0.505957;8.75e-15
1409;J1848+0826;0.328665;2.72e-16
1410;J1848-1150;1.312218;1.43e-15
1411;J1848-1414;0.297770;1.41e-17
1412;B1845-19;4.308190;2.33e-14
1413;J1849-0001;0.038519;1.42e-14
1414;J1849-0040;0.672481;1.11e-14
1415;J1849+0127;0.542155;2.80e-14
1416;J1849-0317;0.668408;2.20e-14
1417;J1849+0409;0.761194;2.16e-14
1418;J1849-0614;0.953384;5.39e-14
1419;B1846-06;1.451319;4.62e-14
1420;J1849+2423;0.275641;1.53e-16
1421;J1850-0006;2.191498;4.32e-15
1422;J1850-0026;0.166634;3.91e-14
1423;J1850+0026;1.081844;3.59e-16
1424;J1850-0031;0.734185;1.26e-15
1425;J1850+0423;0.290716;9.14e-17
1426;B1848+13;0.345582;1.49e-15
1427;J1851-0029;0.518721;4.74e-15
1428;J1851-0053;1.409065;8.74e-16
1429;J1851-0114;0.953182;2.48e-15
1430;J1851+0118;0.906977;1.37e-13
1431;J1851+0233;0.344018;2.18e-15
1432;J1851-0241;0.435194;7.96e-15
1433;B1848+04;0.284697;1.09e-15
1434;B1848+12;1.205303;1.15e-14
1435;J1852+0008;0.467894;5.68e-15
1436;J1852+0013;0.957751;1.40e-14
1437;B1849+00;2.180195;9.70e-14
1438;J1852-0118;0.451473;1.76e-15
1439;J1852-0127;0.428979;5.15e-15
1440;J1852+0305;1.326149;1.02e-16
1441;J1852-0635;0.524151;1.46e-14
1442;J1852-2610;0.336337;8.77e-17
1443;J1853-0004;0.101436;5.57e-15
1444;J1853+0011;0.397882;3.35e-14
1445;J1853+0056;0.275578;2.14e-14
1446;J1853+0505;0.905137;1.28e-15
1447;J1853+0545;0.126400;6.12e-16
1448;J1853-0649;1.048132;1.55e-15
1449;J1853+0853;3.914658;5.13e-15
1450;J1854+0306;4.557820;1.45e-13
1451;J1854+0317;1.366450;1.85e-15
1452;J1854+0319;0.628541;5.51e-17
1453;B1852+10;0.573197;6.39e-16
1454;B1851-14;1.146595;4.16e-15
1455;J1854-1557;3.453200;4.52e-15
1456;J1855+0205;0.246817;6.47e-17
1457;J1855+0306;1.633565;6.97e-15
1458;J1855+0307;0.845348;1.81e-14
1459;J1855+0422;1.678106;9.29e-16
1460;J1855+0527;1.393484;2.67e-13
1461;J1855+0700;0.258685;7.52e-16
1462;J1855-0941;0.345401;2.40e-16
1463;J1856+0102;0.620217;1.22e-15
1464;B1853+01;0.267440;2.08e-13
1465;J1856+0245;0.080907;6.21e-14
1466;J1856+0404;0.420252;3.71e-17
1467;J1856-0526;0.370483;1.70e-15
1468;J1856-3754;7.055203;2.98e-14
1469;B1854+00;0.356929;5.46e-17
1470;J1857+0143;0.139760;3.12e-14
1471;J1857+0210;0.630983;1.40e-14
1472;B1855+02;0.415823;4.03e-14
1473;J1857+0300;0.772678;2.65e-15
1474;J1857+0526;0.349951;6.93e-15
1475;J1857+0809;0.502924;4.74e-15
1476;J1857-1027;3.687219;1.05e-14
1477;J1858+0215;0.745828;4.61e-15
1478;J1858+0241;4.693233;2.43e-14
1479;J1858+0319;0.867444;1.03e-16
1480;J1858+0346;0.256844;2.04e-15
1481;J1858-0736;0.551059;5.06e-15
1482;J1859+0601;1.044313;2.55e-14
1483;J1859+0603;0.508561;1.59e-15
1484;J1859+1526;0.933972;3.93e-15
1485;J1900-0051;0.385194;1.42e-16
1486;J1900+0227;0.374262;5.71e-15
1487;J1900+0438;0.312314;3.23e-15
1488;J1900+0634;0.389869;5.13e-15
1489;B1857-26;0.612209;2.05e-16
1490;B1851-79;1.279193;1.86e-15
1491;J1901+0124;0.318817;3.24e-15
1492;B1859+01;0.288219;2.36e-15
1493;J1901+0234;0.885240;2.30e-14
1494;J1901+0254;1.299693;4.56e-16
1495;J1901-0312;0.355725;2.29e-15
1496;J1901-0315;0.801693;2.57e-15
1497;J1901+0320;0.636584;5.23e-16
1498;B1859+03;0.655450;7.46e-15
1499;J1901+0355;0.554756;1.27e-14
1500;J1901+0413;2.663080;1.32e-13
1501;J1901+0435;0.690576;8.67e-15
1502;J1901+0459;0.877044;1.57e-14
1503;J1901+0510;0.614757;3.11e-14
1504;J1901+0511;4.600369;2.53e-14
1505;J1901+0621;0.832002;1.80e-17
1506;B1859+07;0.643999;2.29e-15
1507;J1901-0906;1.781928;1.64e-15
1508;J1901+1306;1.830857;1.31e-16
1509;J1901-1740;1.956858;8.23e-16
1510;J1902+0248;1.223777;2.41e-15
1511;J1902-0340;1.524672;2.00e-15
1512;B1900+05;0.746577;1.29e-14
1513;B1900+06;0.673503;7.71e-15
1514;J1902+0723;0.487813;2.10e-16
1515;B1900+01;0.729306;4.03e-15
1516;J1903-0258;0.301459;6.79e-16
1517;J1903+0601;0.374117;1.92e-14
1518;B1900-06;0.431887;3.40e-15
1519;J1903+0654;0.791232;1.06e-14
1520;J1903-0848;0.887325;1.33e-15
1521;J1903+0925;0.357155;3.69e-14
1522;J1903+2225;0.651185;4.45e-16
1523;J1904+0004;0.139525;1.18e-16
1524;J1904-0150;0.379387;8.90e-16
1525;J1904+0738;0.208958;4.11e-16
1526;J1904+0800;0.263345;1.73e-14
1527;B1901+10;1.856570;2.76e-16
1528;J1904-1224;0.750808;7.42e-16
1529;B1902-01;0.643181;3.05e-15
1530;J1905+0600;0.441210;1.11e-15
1531;J1905+0616;0.989706;1.35e-13
1532;B1903+07;0.648040;4.94e-15
1533;J1905+0902;0.218253;3.50e-15
1534;J1906+0414;1.043362;1.15e-14
1535;J1906+0509;0.397590;5.22e-15
1536;B1904+06;0.267275;2.14e-15
1537;J1906+0649;1.286564;1.52e-16
1538;J1906+0722;0.111524;3.59e-14
1539;J1906+0746;0.144073;2.03e-14
1540;J1906+0912;0.775345;1.32e-16
1541;J1906+1854;1.019093;2.05e-16
1542;J1907+0249;0.351879;1.14e-15
1543;J1907+0255;0.618761;2.23e-16
1544;J1907+0345;0.240153;8.22e-15
1545;J1907+0534;1.138403;3.15e-15
1546;J1907+0602;0.106633;8.68e-14
1547;J1907+0631;0.323648;4.52e-13
1548;J1907+0731;0.363676;1.84e-14
1549;J1907+0740;0.574698;6.71e-16
1550;J1907+0859;1.527042;5.54e-15
1551;J1907+0918;0.226107;9.43e-14
1552;J1907+0919;5.198346;9.20e-11
1553;J1907+1149;1.420160;1.60e-13
1554;B1904+12;0.827097;1.95e-15
1555;J1907-1532;0.632235;3.08e-15
1556;B1905+39;1.235757;5.41e-16
1557;J1908+0457;0.846793;9.80e-16
1558;J1908+0500;0.291021;2.59e-15
1559;J1908+0734;0.212353;8.25e-16
1560;J1908+0833;0.512111;1.99e-15
1561;J1908+0839;0.185397;2.39e-15
1562;J1908+0909;0.336555;3.49e-14
1563;B1906+09;0.830270;9.80e-17
1564;J1908+2351;0.377578;1.70e-17
1565;B1907+00;1.016948;5.52e-15
1566;B1907+02;0.989831;5.53e-15
1567;J1909+0616;0.755993;2.06e-14
1568;J1909+0641;0.741762;3.22e-15
1569;J1909+0749;0.237161;1.52e-13
1570;J1909+0912;0.222949;3.58e-14
1571;B1907+10;0.283641;2.64e-15
1572;J1909+1148;0.448945;7.25e-17
1573;J1909+1450;0.996108;2.19e-16
1574;J1909+1859;0.542451;9.70e-17
1575;J1910-0112;1.360603;1.78e-16
1576;J1910+0225;0.337855;2.62e-16
1577;B1907-03;0.504605;2.19e-15
1578;B1907+03;2.330263;4.47e-15
1579;J1910+0517;0.308048;7.30e-16
1580;J1910+0534;0.452867;1.92e-15
1581;J1910+0714;2.712423;6.12e-15
1582;J1910+0728;0.325415;8.31e-15
1583;B1907+12;1.441742;8.23e-15
1584;J1911+1758;0.460406;1.31e-17
1585;B1910+10;0.409349;1.58e-14
1586;B1910+20;2.232969;1.02e-14
1587;J1912+2525;0.621976;2.25e-16
1588;B1911-04;0.825936;4.07e-15
1589;J1913+0446;1.616130;2.79e-13
1590;J1913+0657;1.257181;2.83e-15
1591;J1913+0832;0.134409;4.57e-15
1592;J1913+0904;0.163246;1.76e-14
1593;B1911+09;1.241965;4.32e-16
1594;J1913+1000;0.837148;1.67e-14
1595;J1913+1011;0.035909;3.37e-15
1596;J1913+1050;0.190067;1.95e-16
1597;J1913+1145;0.306069;5.02e-15
1598;J1913+1330;0.923391;8.68e-15
1599;B1911+13;0.521473;8.04e-16
1600;J1913+3732;0.851079;1.38e-15
1601;J1914+0219;0.457527;1.02e-15
1602;J1914+0631;0.693811;3.32e-17
1603;B1911+11;0.600997;6.56e-16
1604;J1915+0227;0.317306;2.99e-16
1605;J1915+0738;1.542704;3.31e-15
1606;J1915+0752;2.058314;1.39e-16
1607;J1915+0838;0.342777;1.57e-15
1608;B1913+10;0.404547;1.53e-14
1609;J1915+1410;0.297494;4.89e-17
1610;B1913+167;1.616231;4.05e-16
1611;J1916+0748;0.541752;1.07e-14
1612;J1916+0844;0.439995;2.90e-15
1613;J1916+0852;2.182746;1.31e-14
1614;B1914+09;0.270254;2.52e-15
1615;J1916+1023;1.618339;6.81e-16
1616;B1913+105;0.628970;3.40e-17
1617;J1916+1225;0.227387;2.35e-14
1618;B1914+13;0.281842;3.65e-15
1619;J1917+0834;2.129665;1.75e-14
1620;B1915+13;0.194631;7.20e-15
1621;J1917+1737;0.334725;3.24e-16
1622;B1915+22;0.425897;2.86e-15
1623;J1918-1052;0.798693;8.65e-16
1624;B1916+14;1.181023;2.12e-13
1625;J1918+1541;0.370883;2.54e-15
1626;B1917+00;1.272260;7.67e-15
1627;J1919+0134;1.603984;5.89e-16
1628;J1919+1314;0.571400;3.79e-15
1629;J1919+1645;0.562790;2.16e-16
1630;J1919+1745;2.081343;1.71e-15
1631;J1920+1040;2.215802;6.48e-15
1632;J1920+1110;0.509886;1.56e-16
1633;B1918+26;0.785522;3.44e-17
1634;J1921+0812;0.210648;5.36e-15
1635;B1919+14;0.618183;5.60e-15
1636;J1921+1544;0.143576;9.80e-16
1637;B1918+19;0.821035;8.96e-16
1638;B1919+20;0.760681;5.00e-17
1639;B1919+21;1.337302;1.35e-15
1640;J1922+1131;0.562074;2.57e-17
1641;J1922+1733;0.236171;1.34e-14
1642;B1920+20;1.172763;6.49e-16
1643;B1920+21;1.077924;8.18e-15
1644;B1921+17;0.547209;4.30e-17
1645;J1924+1631;2.935186;3.64e-13
1646;J1924+1639;0.158043;2.56e-15
1647;B1922+20;0.237790;2.09e-15
1648;J1925+1720;0.075659;1.05e-14
1649;B1923+04;1.074078;2.46e-15
1650;J1926+0737;0.318062;3.75e-16
1651;J1926-1314;4.864284;3.64e-14
1652;B1924+14;1.324922;2.19e-16
1653;B1924+16;0.579823;1.80e-14
1654;B1924+19;1.346012;1.43e-15
1655;J1926+2016;0.299072;3.50e-15
1656;J1927+0911;0.290305;6.35e-17
1657;B1925+18;0.482766;1.16e-16
1658;B1925+188;0.298313;2.24e-15
1659;B1925+22;1.431066;7.71e-16
1660;J1928+1443;1.010739;2.10e-16
1661;J1928+1746;0.068730;1.32e-14
1662;J1928+1923;0.817330;6.35e-15
1663;J1929+1357;0.866927;3.66e-15
1664;B1926+18;1.220470;2.36e-15
1665;J1929+1955;0.257832;2.56e-15
1666;J1929+2121;0.723599;2.14e-15
1667;B1927+13;0.760032;3.66e-15
1668;J1930-1852;0.185520;1.80e-17
1669;J1930+1852;0.136855;7.51e-13
1670;J1931+1439;1.779226;6.33e-15
1671;B1929+15;0.314355;5.01e-15
1672;J1931+1952;0.501123;1.01e-16
1673;B1929+10;0.226518;1.16e-15
1674;J1932+1500;1.864332;4.59e-16
1675;J1932+1916;0.208215;9.32e-14
1676;B1929+20;0.268217;4.22e-15
1677;B1930+22;0.144470;5.76e-14
1678;J1932-3655;0.571420;2.84e-16
1679;J1933+0758;0.437454;2.18e-16
1680;B1930+13;0.928324;3.18e-16
1681;B1931+24;0.813690;8.11e-15
1682;J1934+2352;0.178432;1.31e-13
1683;B1933+16;0.358738;6.00e-15
1684;B1933+17;0.654408;3.78e-16
1685;J1935+2025;0.080118;6.08e-14
1686;B1933+15;0.967338;4.04e-15
1687;J1937+1505;2.872774;5.61e-15
1688;B1935+25;0.200980;6.43e-16
1689;J1937+2950;1.657429;3.48e-15
1690;J1938+0650;1.121562;5.68e-15
1691;J1938+2010;0.687082;3.40e-15
1692;J1938+2213;0.166116;4.24e-14
1693;B1937+24;0.645302;1.83e-14
1694;J1940+2245;0.258912;1.27e-14
1695;J1940+2337;0.546824;7.68e-14
1696;J1941+0121;0.217317;1.91e-16
1697;J1941+1026;0.905394;9.96e-16
1698;J1941+1341;0.559084;1.24e-15
1699;J1941+2525;2.306153;1.61e-13
1700;B1937-26;0.402858;9.56e-16
1701;B1939+17;0.696262;1.01e-16
1702;J1943+0609;0.446226;4.66e-16
1703;B1940-12;0.972429;1.66e-15
1704;B1941-17;0.841158;9.86e-16
1705;B1942+17;1.996899;7.30e-16
1706;B1942-00;1.045632;5.35e-16
1707;B1943+18;1.068708;2.42e-16
1708;J1946-1312;0.491865;1.99e-15
1709;B1944+17;0.440618;2.41e-17
1710;B1944+22;1.334450;8.89e-16
1711;J1946+2535;0.515167;5.64e-15
1712;J1946+2611;0.435060;2.20e-14
1713;B1943-29;0.959448;1.49e-15
1714;J1947+0915;1.480744;4.78e-16
1715;J1947+1957;0.157509;5.23e-16
1716;J1948+2333;0.528352;1.36e-14
1717;J1948+2551;0.196627;9.02e-15
1718;B1946+35;0.717311;7.06e-15
1719;J1949+2306;1.319373;1.23e-16
1720;B1946-25;0.957617;3.27e-15
1721;J1951+1123;5.094083;3.03e-15
1722;B1949+14;0.275026;1.28e-16
1723;B1951+32;0.039531;5.84e-15
1724;J1953+1149;0.851890;2.86e-15
1725;J1953+2732;1.333965;1.77e-15
1726;J1954+2407;0.193405;1.06e-15
1727;J1954+2836;0.092709;2.12e-14
1728;B1953+50;0.518938;1.37e-15
1729;J1956+0838;0.303911;2.20e-16
1730;J1957+2831;0.307683;3.11e-15
1731;J1957+5033;0.374806;7.08e-15
1732;J1958+2846;0.290389;2.12e-13
1733;J1959+3620;0.406081;3.60e-17
1734;J2002+1637;0.276497;2.25e-16
1735;B2000+32;0.696761;1.05e-13
1736;B2000+40;0.905067;1.74e-15
1737;J2004+2653;0.665879;5.67e-17
1738;B2002+31;2.111265;7.46e-14
1739;J2004+3429;0.240953;2.07e-13
1740;J2005-0020;2.279661;2.57e-14
1741;J2005+3547;0.615034;2.81e-16
1742;J2005+3552;0.307943;2.99e-15
1743;B2003-08;0.580871;4.60e-17
1744;J2006+3102;0.163695;2.49e-14
1745;J2007+0809;0.325724;1.37e-16
1746;J2007+0910;0.458735;3.32e-16
1747;J2007+3120;0.608205;1.56e-14
1748;J2008+2513;0.589196;5.40e-15
1749;J2009+3326;1.438369;1.47e-15
1750;J2010+2845;0.565369;9.07e-17
1751;J2010+3230;1.442448;3.62e-15
1752;J2011+3331;0.931733;1.79e-15
1753;J2012-2029;0.544002;5.48e-16
1754;J2013-0649;0.580187;6.01e-16
1755;J2013+3058;0.276028;1.52e-16
1756;B2011+38;0.230194;8.85e-15
1757;J2015+2524;2.303299;5.10e-16
1758;J2017+2043;0.537143;9.96e-16
1759;J2017+3625;0.166749;1.36e-15
1760;B2016+28;0.557953;1.48e-16
1761;J2018+3431;0.387664;1.84e-15
1762;J2021+3651;0.103741;9.57e-14
1763;J2021+4026;0.265318;5.47e-14
1764;B2020+28;0.343402;1.89e-15
1765;J2022+3842;0.048579;8.61e-14
1766;B2021+51;0.529197;3.06e-15
1767;B2022+50;0.372619;2.51e-15
1768;B2025+21;0.398173;2.03e-16
1769;J2027+4557;1.099651;3.09e-16
1770;J2028+3332;0.176707;4.86e-15
1771;B2027+37;1.216805;1.23e-14
1772;B2028+22;0.630513;8.85e-16
1773;J2030+3641;0.200129;6.50e-15
1774;J2030+4415;0.227070;6.48e-15
1775;J2032+4127;0.143250;1.25e-14
1776;J2033+0042;5.013398;1.01e-14
1777;J2033-1938;1.281719;4.55e-16
1778;J2036+2835;1.358727;2.09e-15
1779;B2034+19;2.074377;2.04e-15
1780;B2035+36;0.618715;4.50e-15
1781;J2038-3816;1.577286;4.13e-15
1782;B2036+53;1.424568;9.44e-16
1783;J2040+1657;0.865606;5.95e-16
1784;J2043+2740;0.096131;1.27e-15
1785;J2044+4614;1.392715;6.30e-16
1786;J2045+0912;0.395555;1.95e-16
1787;B2043-04;1.546938;1.47e-15
1788;B2044+15;1.138286;1.82e-16
1789;B2045+56;0.476735;1.11e-14
1790;J2047+5029;0.445945;4.18e-15
1791;B2045-16;1.961572;1.10e-14
1792;J2048+2255;0.283901;1.52e-17
1793;B2048-72;0.341336;1.96e-16
1794;B2053+21;0.815181;1.34e-15
1795;J2055+2539;0.319561;4.08e-15
1796;B2053+36;0.221508;3.69e-16
1797;J2105+6223;2.304879;5.22e-15
1798;J2108-3429;1.423102;3.50e-15
1799;B2106+44;0.414871;8.62e-17
1800;J2111+2106;3.953853;3.24e-15
1801;J2111+4606;0.157830;1.43e-13
1802;B2110+27;1.202852;2.62e-15
1803;B2111+46;1.014685;7.15e-16
1804;B2113+14;0.440153;2.89e-16
1805;B2122+13;0.694053;7.68e-16
1806;B2123-67;0.325771;2.26e-16
1807;J2136-1606;1.227235;1.60e-17
1808;J2139+2242;1.083514;1.42e-15
1809;J2139+4716;0.282849;1.79e-15
1810;J2143+0654;9.428229;4.09e-14
1811;J2144-3933;8.509827;4.96e-16
1812;B2148+63;0.380140;1.68e-16
1813;B2148+52;0.332206;1.01e-14
1814;J2151+2315;0.593534;7.08e-16
1815;J2155+2813;1.609020;9.16e-16
1816;B2152-31;1.030002;1.24e-15
1817;B2151-56;1.373654;4.23e-15
1818;J2156+2618;0.498149;1.42e-17
1819;B2154+40;1.525266;3.43e-15
1820;J2205+1444;0.938014;9.00e-16
1821;J2206+6151;0.322674;3.97e-16
1822;J2208+5500;0.933161;6.99e-15
1823;B2210+29;1.004593;4.95e-16
1824;J2215+1538;0.374196;2.37e-15
1825;J2216+5759;0.419102;6.90e-14
1826;J2217+5733;1.056844;6.51e-16
1827;B2217+47;0.538469;2.77e-15
1828;B2224+65;0.682542;9.66e-15
1829;J2229+6114;0.051624;7.83e-14
1830;B2227+61;0.443055;2.26e-15
1831;J2234+2114;1.358745;2.22e-16
1832;J2238+5903;0.162734;9.70e-14
1833;J2240+5832;0.139935;1.54e-14
1834;B2241+69;1.664501;4.82e-15
1835;J2243+1518;0.596799;1.13e-16
1836;J2248-0101;0.477233;6.59e-16
1837;J2253+1516;0.792236;6.65e-17
1838;B2255+58;0.368246;5.75e-15
1839;J2301+5852;6.979071;4.71e-13
1840;J2302+6028;1.206404;2.04e-15
1841;B2303+30;1.575886;2.89e-15
1842;B2303+46;1.066371;5.69e-16
1843;B2306+55;0.475068;1.99e-16
1844;B2310+42;0.349434;1.12e-16
1845;B2315+21;1.444653;1.05e-15
1846;J2319+6411;0.216018;1.63e-16
1847;B2319+60;2.256488;7.04e-15
1848;B2321-61;2.347486;2.59e-15
1849;J2325-0530;0.868735;1.03e-15
1850;B2323+63;1.436310;2.83e-15
1851;B2324+60;0.233652;3.53e-16
1852;B2327-20;1.643622;4.63e-15
1853;J2333+6145;0.756899;1.18e-15
1854;B2334+61;0.495370;1.93e-13
1855;J2346-0609;1.181463;1.36e-15
1856;B2351+61;0.944784;1.63e-14

